"","S/N","Db_id","Username","Phone Number","Email","Date",""
"","1","18","Pelumi","08138794258","pelumi@gmail.com","2019-10-03 10:36:50.0","Edit"
"","2","17","Micheal","0812345678","akintolamicheal@gmail.com","2019-10-03 00:00:00.0","Edit"
"","3","16","Pelumi","08138794258","pelumi@gmail.com","2019-10-03 10:36:50.0","Edit"
"","4","15","Moyosoluwa","09012345678","muyo@gmail.com","2019-10-03 10:37:50.0","Edit"
"","5","14","Feranmi","08134567899","feranmi@gmail.com","2019-10-03 10:39:50.0","Edit"
"","6","13","Tosin","08102848873","tosin@gmail.com","2019-10-03 10:40:50.0","Edit"
"","7","12","Micheal","0812345678","akintolamicheal@gmail.com","2019-10-03 00:00:00.0","Edit"
"","8","11","Deborah","08121427752","deborah@gmail.com","2019-10-03 10:59:50.0","Edit"
"","9","10","Damilola","08138794258","dammy@gmail.com","2019-10-03 10:50:50.0","Edit"
"","10","9","Deborah","08121427752","deborah@gmail.com","2019-10-03 10:59:50.0","Edit"
